{
  "areas": {
    "OSS": {
      "score": 0.2777777777777777,
      "details": {
        "issue_resolution_rate": 0.9166666666666666,
        "pr_merge_rate": 0.0,
        "commits_activity": 1.0
      }
    },
    "Status": {
      "score": 0.9487179487179487,
      "details": {
        "lines_activity": 1.0,
        "commits_activity": 1.0,
        "week_streak": 0.9230769230769231
      }
    },
    "Sentiment": {
      "score": 0.0,
      "details": {
        "71zenith/-lem-flake": 0.0,
        "71zenith/71zenith": 0.0,
        "71zenith/71zenith.github.io": 0.0,
        "71zenith/ani-cli": 0.0,
        "71zenith/ani-cli-custom": 0.0,
        "71zenith/ani-skip": 0.0,
        "71zenith/aoc-2024": 0.0,
        "71zenith/archinstall": 0.0,
        "71zenith/assets": 0.0,
        "71zenith/asura-rss": 0.0
      }
    }
  },
  "weights": {
    "OSS": 0.3333333333333333,
    "Status": 0.3333333333333333,
    "Sentiment": 0.3333333333333333
  },
  "final_score": 0.4088319088319088
}