{
  "areas": {
    "OSS": {
      "score": 0.12561413165310897,
      "details": {
        "issue_resolution_rate": 0.0,
        "pr_merge_rate": 0.75,
        "commits_activity": 0.9384211974796633
      }
    },
    "Status": {
      "score": 0.371165170311865,
      "details": {
        "lines_activity": 1.0,
        "commits_activity": 0.922132370852413,
        "week_streak": 0.1346153846153846
      }
    },
    "Sentiment": {
      "score": 0.0,
      "details": {
        "Bytsuki0/Bytsuki0": 0.0,
        "Bytsuki0/GitBlame": 0.0,
        "Bytsuki0/Java": 0.0,
        "Bytsuki0/Leet_code": 0.0,
        "Bytsuki0/photoshopCClinux": 0.0,
        "Bytsuki0/Sistema-De-Reservas": 0.0,
        "Bytsuki0/Statistics_in_R": 0.0,
        "Bytsuki0/Trabalho-POO-1": 0.0,
        "Bytsuki0/tutorial-conflitos": 0.0
      }
    }
  },
  "weights": {
    "OSS": 0.3333333333333333,
    "Status": 0.3333333333333333,
    "Sentiment": 0.3333333333333333
  },
  "final_score": 0.16559310065499133
}