{
  "username": "deepakjois",
  "areas": {
    "OSS": {
      "score": 1.0,
      "details": {
        "issue_resolution_rate": 0.5,
        "pr_merge_rate": 3.838709677419355,
        "commits_activity": 1.0
      }
    },
    "Status": {
      "score": 0.6666666666666667,
      "details": {
        "lines_activity": 1.0,
        "commits_activity": 1.0,
        "week_streak": 0.5
      }
    },
    "Sentiment": {
      "score": 0.9230769230769231,
      "details": {
        "deepakjois/blaze-svg": 0.20125365853658536,
        "deepakjois/debugjois.dev": -0.19923888888888888,
        "deepakjois/dhun": 0.42370384615384615,
        "deepakjois/gchartrb": 0.5886,
        "deepakjois/gomp3": 0.0937,
        "deepakjois/hs-gchart": 0.3775,
        "deepakjois/hs-logo": 0.13701666666666668,
        "deepakjois/hs-twitterarchiver": 0.37129999999999996,
        "deepakjois/luapackageloader": 0.37198333333333333,
        "deepakjois/luatex-harfbuzz": 0.23782068965517242,
        "deepakjois/node-detect-content-type": 0.5071,
        "deepakjois/website": 0.01793846153846154,
        "deepakjois/writing": 0.5660999999999999
      }
    },
    "Commitment": {
      "score": 0.8,
      "details": {
        "criteria_met": {
          "has_12_month_streak": true,
          "has_6_month_streak": true,
          "has_write_to_non_owned_repo": false,
          "has_repo_at_50th_percentile_commits": true,
          "at_75th_percentile_followers": true
        },
        "total_points": 4,
        "max_points": 5,
        "percentage": 80.0
      }
    }
  },
  "weights": {
    "OSS": 0.25,
    "Status": 0.25,
    "Sentiment": 0.25,
    "Commitment": 0.25
  },
  "final_score": 0.8474358974358975,
  "language_usage": {
    "error": null,
    "languages": {
      "Python": [
        12897,
        28
      ],
      "Go": [
        50248,
        3288
      ],
      "Shell": [
        2651,
        42
      ],
      "Java": [
        13027,
        15
      ],
      "HTML": [
        61339,
        574
      ],
      "Haskell": [
        93158,
        419
      ],
      "Dockerfile": [
        155,
        1
      ],
      "R": [
        145,
        4
      ],
      "CSS": [
        126236,
        478
      ],
      "JavaScript": [
        59893,
        162
      ],
      "Ruby": [
        10416,
        93
      ],
      "C": [
        1718,
        20
      ],
      "Vim Script": [
        14653,
        129
      ],
      "Lua": [
        45608,
        75
      ],
      "Makefile": [
        2037,
        6
      ],
      "TeX": [
        256674,
        125
      ],
      "PHP": [
        37377,
        1
      ],
      "TypeScript": [
        32164,
        25
      ],
      "HCL": [
        269,
        0
      ]
    },
    "language_count": 19,
    "total_commits": 5485,
    "total_lines": 820665,
    "top_5_languages": [
      {
        "language": "Go",
        "lines": 50248,
        "commits": 3288
      },
      {
        "language": "HTML",
        "lines": 61339,
        "commits": 574
      },
      {
        "language": "CSS",
        "lines": 126236,
        "commits": 478
      },
      {
        "language": "Haskell",
        "lines": 93158,
        "commits": 419
      },
      {
        "language": "JavaScript",
        "lines": 59893,
        "commits": 162
      }
    ]
  },
  "import_scan": {
    "error": null,
    "username": "deepakjois",
    "analysis_date": "2026-02-23T17:46:54.934906",
    "total_repos_analyzed": 20,
    "total_files_analyzed": 221,
    "languages": {
      "C": {
        "files_scanned": 18,
        "packages": {
          "assert.h": 13,
          "<assert.h>": 13,
          "stdlib.h": 11,
          "<string.h>": 11,
          "string.h": 11,
          "<stdlib.h>": 11,
          "stdio.h": 11,
          "<stdio.h>": 11,
          "cmark.h": 9,
          "config.h": 9,
          "node.h": 9,
          "buffer.h": 8,
          "houdini.h": 7,
          "utf8.h": 6,
          "cmark_ctype.h": 5,
          "scanners.h": 5,
          "render.h": 3,
          "dhun.h": 3,
          "parser.h": 2,
          "references.h": 2,
          "inlines.h": 2,
          "stdint.h": 2,
          "<stdint.h>": 2,
          "lrotable.h": 1,
          "the": 1,
          "lrodefs.h": 1,
          "lauxlib.h": 1,
          "lua.h": 1,
          "<stdarg.h>": 1,
          "stdarg.h": 1,
          "memory.h": 1,
          "limits.h": 1,
          "<limits.h>": 1,
          "entities.inc": 1,
          "iterator.h": 1,
          "rubysig.h": 1,
          "pthread.h": 1,
          "<pthread.h>": 1,
          "ruby.h": 1
        }
      },
      "C/C++ Header": {
        "files_scanned": 11,
        "packages": {
          "stdio.h": 6,
          "<stdio.h>": 6,
          "cmark.h": 4,
          "string.h": 4,
          "<string.h>": 4,
          "buffer.h": 4,
          "stdint.h": 3,
          "<stdint.h>": 3,
          "memory.h": 3,
          "<stdarg.h>": 2,
          "stdarg.h": 2,
          "stddef.h": 2,
          "<stddef.h>": 2,
          "config.h": 2,
          "<time.h>": 1,
          "time.h": 1,
          "limits.h": 1,
          "<limits.h>": 1,
          "stdlib.h": 1,
          "<assert.h>": 1,
          "<stdlib.h>": 1,
          "assert.h": 1,
          "cmark_ctype.h": 1,
          "<cmark_export.h>": 1,
          "<cmark_version.h>": 1,
          "cmark_version.h": 1,
          "cmark_export.h": 1,
          "stdbool.h": 1,
          "<stdbool.h>": 1,
          "chunk.h": 1,
          "node.h": 1,
          "CoreServices/CoreServices.h": 1,
          "<AudioToolbox/AudioToolbox.h>": 1,
          "<CoreServices/CoreServices.h>": 1,
          "<CoreAudio/CoreAudioTypes.h>": 1,
          "CoreAudio/CoreAudioTypes.h": 1,
          "AudioToolbox/AudioToolbox.h": 1
        }
      },
      "Go": {
        "files_scanned": 38,
        "packages": {
          "fmt": 26,
          "github.com/dgraph-io/badger/y": 21,
          "os": 17,
          "bytes": 13,
          "sync": 12,
          "github.com/pkg/errors": 12,
          "sort": 11,
          "time": 11,
          "path/filepath": 10,
          "math/rand": 9,
          "io/ioutil": 8,
          "math": 8,
          "sync/atomic": 8,
          "strings": 7,
          "github.com/dgraph-io/badger/table": 7,
          "testing": 7,
          "io": 7,
          "strconv": 6,
          "github.com/stretchr/testify/require": 6,
          "encoding/binary": 6,
          "golang.org/x/net/trace": 5,
          "log": 5,
          "github.com/dgraph-io/badger/options": 4,
          "Invalid": 3,
          "github.com/dgraph-io/badger/protos": 3,
          "hash/crc32": 3,
          "github.com/yuin/goldmark": 3,
          "github.com/yuin/goldmark/parser": 3,
          "github.com/dgraph-io/badger": 2,
          "container/heap": 2,
          "%d": 2,
          "regexp": 2,
          "Cannot": 2,
          "encoding/hex": 2,
          "bufio": 2,
          "unsafe": 2,
          "github.com/AndreasBriese/bbloom": 2,
          "path": 2,
          "github.com/bitfield/script": 2,
          "github.com/yuin/goldmark/ast": 2,
          "github.com/yuin/goldmark/text": 2,
          "github.com/yuin/goldmark/util": 2,
          "github.com/yuin/goldmark/renderer": 2,
          "if": 1,
          "flag": 1,
          "The": 1,
          "github.com/dgraph-io/badger/skl": 1,
          "expvar": 1,
          "val1": 1,
          "val3": 1,
          "actual:": 1,
          "val2": 1,
          "Another": 1,
          "%09d": 1,
          "wanted=%q": 1,
          "Value.*exceeded": 1,
          "should": 1,
          "item": 1,
          "v%05d_%08d": 1,
          "answer": 1,
          "k%05d_%08d": 1,
          "Key.*exceeded": 1,
          "golang.org/x/sys/unix": 1,
          "syscall": 1,
          "Value": 1,
          "testval": 1,
          "CREATE": 1,
          "DELETE": 1,
          "github.com/golang/protobuf/proto": 1,
          "toWrite:%d": 1,
          "Arena": 1,