{
  "username": "defunkt",
  "areas": {
    "OSS": {
      "score": 0.5259259259259259,
      "details": {
        "issue_resolution_rate": 0.5555555555555556,
        "pr_merge_rate": 0.7333333333333333,
        "commits_activity": 1.0
      }
    },
    "Status": {
      "score": 0.7692307692307692,
      "details": {
        "lines_activity": 1.0,
        "commits_activity": 1.0,
        "week_streak": 0.6538461538461539
      }
    },
    "Sentiment": {
      "score": 0.9230769230769231,
      "details": {
        "defunkt/acts_as_textiled": 0.20814375000000002,
        "defunkt/ambition": 0.2681,
        "defunkt/cache_fu": 0.22122222222222224,
        "defunkt/cheat": 0.099846875,
        "defunkt/choice": 0.19518,
        "defunkt/cijoe": 0.18459622641509435,
        "defunkt/coffee-mode": 0.11043176470588234,
        "defunkt/colored": 0.34744,
        "defunkt/dotjs": 0.12629814814814816,
        "defunkt/emacs": 0.22583999999999999,
        "defunkt/evilbot": 0.039760000000000004,
        "defunkt/facebox": 0.2019087912087912,
        "defunkt/ftpd.rb": 0.1250666666666667,
        "defunkt/gem-man": 0.010576470588235298,
        "defunkt/gist": 0.06422666666666667,
        "defunkt/gist.el": 0.19701724137931034,
        "defunkt/github-gem": 0.12547032967032967,
        "defunkt/hurl": 0.07102380952380953,
        "defunkt/ircamp": 0.14952222222222222,
        "defunkt/iui": 0.4404,
        "defunkt/jasper": 0.349475,
        "defunkt/jquery-pjax": 0.16811083333333335,
        "defunkt/lacampfire": -0.25756666666666667,
        "defunkt/magit": 0.4928,
        "defunkt/markdown-mode": 0.43754117647058827,
        "defunkt/mustache-sinatra-example": 0.35736666666666667,
        "defunkt/mustache.js": -0.18564999999999998,
        "defunkt/pystache": 0.25364,
        "defunkt/quake": 0.17,
        "defunkt/repl": 0.41148235294117647,
        "defunkt/resque-lock": 0.15841842105263157,
        "defunkt/rip": 0.2097088888888889,
        "defunkt/sake": 0.04458571428571429,
        "defunkt/sdoc-helpers": 0.2463,
        "defunkt/textmate.el": 0.11598,
        "defunkt/tomdoc": 0.06535500000000001,
        "defunkt/unicorn": 0.1945896551724138,
        "defunkt/Zen": 0.2342878048780488,
        "defunkt/zippy": -0.2185
      }
    },
    "Commitment": {
      "score": 0.8,
      "details": {
        "criteria_met": {
          "has_12_month_streak": true,
          "has_6_month_streak": true,
          "has_write_to_non_owned_repo": false,
          "has_repo_at_50th_percentile_commits": true,
          "at_75th_percentile_followers": true
        },
        "total_points": 4,
        "max_points": 5,
        "percentage": 80.0
      }
    }
  },
  "weights": {
    "OSS": 0.25,
    "Status": 0.25,
    "Sentiment": 0.25,
    "Commitment": 0.25
  },
  "final_score": 0.7545584045584046,
  "language_usage": {
    "error": null,
    "languages": {
      "JavaScript": [
        56117,
        486
      ],
      "Python": [
        5924,
        105
      ],
      "Objective-C": [
        5648,
        2
      ],
      "Lua": [
        0,
        0
      ],
      "Clojure": [
        0,
        0
      ],
      "Perl": [
        3224,
        0
      ],
      "OCaml": [
        0,
        0
      ],
      "Groovy": [
        0,
        0
      ],
      "Java": [
        0,
        0
      ],
      "Scala": [
        0,
        0
      ],
      "PHP": [
        10,
        0
      ],
      "CoffeeScript": [
        1439,
        59
      ],
      "C++": [
        0,
        0
      ],
      "Ruby": [
        363113,
        1777
      ],
      "C#": [
        0,
        0
      ],
      "Shell": [
        835,
        9
      ],
      "Emacs Lisp": [
        116697,
        452
      ],
      "Makefile": [
        20,
        0
      ],
      "HTML": [
        10727,
        126
      ],
      "Roff": [
        225,
        6
      ],
      "C": [
        9188,
        2
      ],
      "CSS": [
        62,
        6
      ],
      "Io": [
        192,
        6
      ],
      "ActionScript": [
        30,
        0
      ],
      "ooc": [
        82,
        0
      ]
    },
    "language_count": 25,
    "total_commits": 3036,
    "total_lines": 573533,
    "top_5_languages": [
      {
        "language": "Ruby",
        "lines": 363113,
        "commits": 1777
      },
      {
        "language": "JavaScript",
        "lines": 56117,
        "commits": 486
      },
      {
        "language": "Emacs Lisp",
        "lines": 116697,
        "commits": 452
      },
      {
        "language": "HTML",
        "lines": 10727,
        "commits": 126
      },
      {
        "language": "Python",
        "lines": 5924,
        "commits": 105
      }
    ]
  },
  "import_scan": {
    "error": "list index out of range",
    "username": "defunkt",
    "analysis_date": null,
    "total_repos_analyzed": 0,
    "total_files_analyzed": 0,
    "languages": {},
    "repositories": []
  }
}