{
  "areas": {
    "OSS": {
      "score": 0.2746249104154035,
      "details": {
        "issue_resolution_rate": 1.0,
        "pr_merge_rate": 0.0,
        "commits_activity": 0.9119373656231052
      }
    },
    "Status": {
      "score": 0.2333621439275455,
      "details": {
        "lines_activity": 1.0,
        "commits_activity": 0.8115816774297799,
        "week_streak": 0.038461538461538464
      }
    },
    "Sentiment": {
      "score": 0.0,
      "details": {
        "jadenfreude/117": 0.0,
        "jadenfreude/agent": 0.0,
        "jadenfreude/archivercel": 0.0,
        "jadenfreude/archiverveljs": 0.0,
        "jadenfreude/archivetoday": 0.0,
        "jadenfreude/AutonomousGrainCart": 0.0,
        "jadenfreude/beacon": 0.0,
        "jadenfreude/botupdate": 0.0,
        "jadenfreude/CampusAware": 0.0,
        "jadenfreude/cived-heroku": 0.0
      }
    }
  },
  "weights": {
    "OSS": 0.3333333333333333,
    "Status": 0.3333333333333333,
    "Sentiment": 0.3333333333333333
  },
  "final_score": 0.16932901811431633
}