{
  "areas": {
    "OSS": {
      "score": 1.0,
      "details": {
        "issue_resolution_rate": 0.6122448979591837,
        "pr_merge_rate": 3.625,
        "commits_activity": 1.0
      }
    },
    "Status": {
      "score": 0.6153846153846154,
      "details": {
        "lines_activity": 1.0,
        "commits_activity": 1.0,
        "week_streak": 0.4230769230769231
      }
    },
    "Sentiment": {
      "score": 0.7123615384615,
      "details": {
        "mateusfreira/activemq-m1": 0.0,
        "mateusfreira/activemq-scala-util": 0.525371578,
        "mateusfreira/agregationSearchTest": 0.2123615384615,
        "mateusfreira/amur-lift-ecommerce-example": 0.8123615384615,
        "mateusfreira/AndroidCanvasTest": 0.33536153846150,
        "mateusfreira/angel.co-node": 0.5583484615,
        "mateusfreira/argo-workflows": 0.912321384615,
        "mateusfreira/asterisk-java": 0.2123615384615
      }
    }
  },
  "weights": {
    "OSS": 0.3333333333333333,
    "Status": 0.3333333333333333,
    "Sentiment": 0.3333333333333333
  },
  "final_score": 0.8384615384615384
}