{
  "username": "mojombo",
  "areas": {
    "OSS": {
      "score": 1.0,
      "details": {
        "issue_resolution_rate": 0.7837837837837838,
        "pr_merge_rate": 2.40625,
        "commits_activity": 1.0
      }
    },
    "Status": {
      "score": 0.0,
      "details": {
        "lines_activity": 0.0,
        "commits_activity": 0.0,
        "week_streak": 0.0
      }
    },
    "Sentiment": {
      "score": 0.8181818181818182,
      "details": {
        "mojombo/asteroids": 0.0457,
        "mojombo/bert": 0.23257441860465117,
        "mojombo/bert.erl": 0.12476666666666668,
        "mojombo/bertrpc": 0.1276909090909091,
        "mojombo/chronic": 0.02261477272727273,
        "mojombo/clippy": 0.18294411764705884,
        "mojombo/egitd": 0.3377666666666667,
        "mojombo/erlectricity": 0.5305,
        "mojombo/ernie": -0.007857142857142854,
        "mojombo/github-flavored-markdown": 0.09817380952380954,
        "mojombo/god": 0.11293879310344827,
        "mojombo/grit": 0.06716513761467889,
        "mojombo/mojombo": 0.6629666666666667,
        "mojombo/mojombo.github.io": 0.11742444444444443,
        "mojombo/mustache.erl": 0.20696764705882353,
        "mojombo/omniship": -0.4767,
        "mojombo/primer": -0.32505,
        "mojombo/proxymachine": 0.16586,
        "mojombo/rakegem": -0.5748,
        "mojombo/sf-vegetarian-restaurants": 0.29309999999999997,
        "mojombo/tomdoc": 0.3186637931034482,
        "mojombo/vanhelsing": 0.3802
      }
    },
    "Commitment": {
      "score": 0.8,
      "details": {
        "criteria_met": {
          "has_12_month_streak": true,
          "has_6_month_streak": true,
          "has_write_to_non_owned_repo": false,
          "has_repo_at_50th_percentile_commits": true,
          "at_75th_percentile_followers": true
        },
        "total_points": 4,
        "max_points": 5,
        "percentage": 80.0
      }
    }
  },
  "weights": {
    "OSS": 0.25,
    "Status": 0.25,
    "Sentiment": 0.25,
    "Commitment": 0.25
  },
  "final_score": 0.6545454545454545,
  "language_usage": {
    "error": null,
    "languages": {
      "JavaScript": [
        46888,
        63
      ],
      "CoffeeScript": [
        114,
        1
      ],
      "CSS": [
        1791,
        33
      ],
      "Ruby": [
        72210,
        918
      ],
      "C": [
        2925,
        35
      ],
      "Erlang": [
        36688,
        220
      ],
      "Shell": [
        333,
        2
      ],
      "HTML": [
        2814,
        59
      ],
      "Perl": [
        52008,
        138
      ],
      "Makefile": [
        261,
        0
      ],
      "Emacs Lisp": [
        0,
        0
      ],
      "Java": [
        0,
        0
      ],
      "Groff": [
        0,
        0
      ]
    },
    "language_count": 13,
    "total_commits": 1469,
    "total_lines": 216032,
    "top_5_languages": [
      {
        "language": "Ruby",
        "lines": 72210,
        "commits": 918
      },
      {
        "language": "Erlang",
        "lines": 36688,
        "commits": 220
      },
      {
        "language": "Perl",
        "lines": 52008,
        "commits": 138
      },
      {
        "language": "JavaScript",
        "lines": 46888,
        "commits": 63
      },
      {
        "language": "HTML",
        "lines": 2814,
        "commits": 59
      }
    ]
  },
  "import_scan": {
    "error": null,
    "username": "mojombo",
    "analysis_date": "2026-02-17T16:32:14.969340",
    "total_repos_analyzed": 20,
    "total_files_analyzed": 224,
    "languages": {
      "C": {
        "files_scanned": 2,
        "packages": {
          "ruby.h": 2,
          "stdint.h": 1,
          "<netinet/in.h>": 1,
          "<stdint.h>": 1,
          "netinet/in.h": 1,
          "<string.h>": 1,
          "string.h": 1
        }
      },
      "C++": {
        "files_scanned": 14,
        "packages": {
          "project.h": 12,
          "stdexcept": 2,
          "<stdexcept>": 2,
          "std": 2,
          "namespace": 2,
          "iostream": 2,
          "<iostream>": 2,
          "mapper.h": 2,
          "ruby.h": 2,
          "<ruby.h>": 2,
          "<sys/types.h>": 1,
          "sys/mman.h": 1,
          "<fcntl.h>": 1,
          "sys/types.h": 1,
          "cstring": 1,
          "windows.h": 1,
          "errno.h": 1,
          "unistd.h": 1,
          "<sys/stat.h>": 1,
          "sys/stat.h": 1,
          "<string>": 1,
          "<windows.h>": 1,
          "<errno.h>": 1,
          "<sys/mman.h>": 1,
          "<cstring>": 1,
          "string": 1,
          "fcntl.h": 1,
          "eventmachine.h": 1
        }
      },
      "C/C++ Header": {
        "files_scanned": 2,
        "packages": {
          "emwin.h": 1,
          "rubysig.h": 1,
          "ruby.h": 1,
          "<ruby.h>": 1,
          "<rubysig.h>": 1,
          "<unistd.h>": 1,
          "arpa/inet.h": 1,
          "<sys/types.h>": 1,
          "set": 1,
          "eventmachine.h": 1,
          "<sys/socket.h>": 1,
          "<sys/resource.h>": 1,
          "sys/inotify.h": 1,
          "<set>": 1,
          "<sys/wait.h>": 1,
          "unistd.h": 1,
          "<sys/stat.h>": 1,
          "deque": 1,
          "<ws2tcpip.h>": 1,
          "<string>": 1,
          "<errno.h>": 1,
          "<time.h>": 1,
          "time.h": 1,
          "<netinet/tcp.h>": 1,
          "<assert.h>": 1,
          "pwd.h": 1,
          "<netdb.h>": 1,
          "<sys/uio.h>": 1,
          "stdexcept": 1,
          "sys/uio.h": 1,
          "epoll.h": 1,
          "em.h": 1,
          "map": 1,
          "sys/time.h": 1,
          "openssl/err.h": 1,
          "<winsock2.h>": 1,
          "errno.h": 1,
          "<linux/inotify.h>": 1,
          "netdb.h": 1,
          "namespace": 1,
          "rpc.h": 1,
          "<sys/un.h>": 1,
          "strings.h": 1,
          "page.h": 1,
          "<windows.h>": 1,
          "iostream": 1,
          "<deque>": 1,
          "sys/event.h": 1,
          "openssl/ssl.h": 1,
          "<openssl/ssl.h>": 1,
          "<vector>": 1,
          "sys/epoll.h": 1,
          "<strings.h>": 1,
          "<rpc.h>": 1,
          "netinet/tcp.h": 1,
          "<sys/syscall.h>": 1,
          "eventmachine_cpp.h": 1,
          "<sys/queue.h>": 1,
          "files.h": 1,
          "sys/socket.h": 1,
          "<netinet/in.h>": 1,
          "<sys/time.h>": 1,
          "windows.h": 1,
          "netinet/in.h": 1,
          "sys/stat.h": 1,
          "<map>": 1,
          "<pwd.h>": 1,
          "<iostream>": 1,
          "<sys/epoll.h>": 1,
          "ws2tcpip.h": 1,
          "signal.h": 1,
          "<arpa/inet.h>": 1,
          "string": 1,
          "vector": 1,
          "<signal.h>": 1,
          "<sstream>": 1,
          "linux/inotify.h": 1,
          "ed.h": 1,
          "sys/wait.h": 1,
          "<stdexcept>": 1,
          "sstream": 1,
          "ssl.h": 1,
          "assert.h": 1,
          "<fcntl.h>": 1,
          "sys/types.h": 1,
          "sigs.h": 1,
          "winsock2.h": 1,
          "binder.h": 1,
          "sys/un.h": 1,
          "sys/syscall.h": 1,
          "<openssl/err.h>": 1,
          "<sys/inotify.h>": 1,
          "sys/queue.h": 1,
          "sys/resource.h": 1,
          "<sys/event.h>": 1,
          "fcntl.h": 1
        }
      },
      "Erlang": {
        "files_scanned": 7,
        "packages": {
          "ernie.hrl": 4,
          "test/bert_test.erl": 2,
          "eunit/include/eunit.hrl": 1
        }
      },
      "JavaScript": {
        "files_scanned": 24,
        "packages": {
          "events": 14,
          "nopt": 11,
          "lodash": 11,
          "path": 9,
          "async": 7,
          "fs": 7,
          "hogan.js": 3,
          "semver": 3,
          "glob": 2,
          "rimraf": 2,
          "Wb=": 1,
          "a-z\\u00A0-\\u05FF\\u0700-\\uD7FF\\uF900-\\uFDCF\\uFDF0-\\uFFEF]+|[\\u0600-\\u06FF\\": 1,
          "Xb=": 1,
          "Vb=": 1,
          "3})?": 1,
          "dc=": 1,