{
  "username": "norman",
  "areas": {
    "OSS": {
      "score": 0.9907834101382489,
      "details": {
        "issue_resolution_rate": 0.8571428571428571,
        "pr_merge_rate": 1.1290322580645162,
        "commits_activity": 1.0
      }
    },
    "Status": {
      "score": 0.4487179487179487,
      "details": {
        "lines_activity": 1.0,
        "commits_activity": 1.0,
        "week_streak": 0.17307692307692307
      }
    },
    "Sentiment": {
      "score": 0.95,
      "details": {
        "norman/ambry": 0.40227777777777773,
        "norman/babosa": 0.3010689189189189,
        "norman/disqus": 0.24276666666666666,
        "norman/fastri": 0.025733333333333334,
        "norman/friendly_id": 0.266325,
        "norman/friendly_id-globalize": 0.2636282051282051,
        "norman/friendly_id_sequel": 0.6033,
        "norman/hash_formatter": 0.39865,
        "norman/hops": 0.4926,
        "norman/lua-haml": 0.37410333333333334,
        "norman/lua-postgres": -0.2371,
        "norman/luaargentina": 0.2263,
        "norman/luacov": 0.41908571428571423,
        "norman/luarocks": 0.38554166666666667,
        "norman/mongrel2_wsapi": 0.807,
        "norman/replicate": 0.40965,
        "norman/squirm": 0.265475,
        "norman/telescope": 0.22902999999999998,
        "norman/unidecoder": 0.3022529411764706,
        "norman/yourbugreportneedsmore.info": 0.35945
      }
    },
    "Commitment": {
      "score": 0.8,
      "details": {
        "criteria_met": {
          "has_12_month_streak": true,
          "has_6_month_streak": true,
          "has_write_to_non_owned_repo": false,
          "has_repo_at_50th_percentile_commits": true,
          "at_75th_percentile_followers": true
        },
        "total_points": 4,
        "max_points": 5,
        "percentage": 80.0
      }
    }
  },
  "weights": {
    "OSS": 0.25,
    "Status": 0.25,
    "Sentiment": 0.25,
    "Commitment": 0.25
  },
  "final_score": 0.7973753397140494,
  "language_usage": {
    "error": null,
    "languages": {
      "Ruby": [
        264650,
        1389
      ],
      "HTML": [
        129,
        4
      ],
      "JavaScript": [
        5187,
        11
      ],
      "Shell": [
        2724,
        51
      ],
      "Vim Script": [
        115504,
        161
      ],
      "CSS": [
        1288,
        7
      ],
      "CoffeeScript": [
        13,
        0
      ],
      "Lua": [
        31649,
        338
      ],
      "C": [
        1917,
        17
      ],
      "C++": [
        2,
        0
      ],
      "Elixir": [
        248,
        1
      ],
      "Perl": [
        1422,
        9
      ]
    },
    "language_count": 12,
    "total_commits": 1988,
    "total_lines": 424733,
    "top_5_languages": [
      {
        "language": "Ruby",
        "lines": 264650,
        "commits": 1389
      },
      {
        "language": "Lua",
        "lines": 31649,
        "commits": 338
      },
      {
        "language": "Vim Script",
        "lines": 115504,
        "commits": 161
      },
      {
        "language": "Shell",
        "lines": 2724,
        "commits": 51
      },
      {
        "language": "C",
        "lines": 1917,
        "commits": 17
      }
    ]
  },
  "import_scan": {
    "error": null,
    "username": "norman",
    "analysis_date": "2026-02-20T02:17:52.484130",
    "total_repos_analyzed": 20,
    "total_files_analyzed": 346,
    "languages": {
      "JavaScript": {
        "files_scanned": 2,
        "packages": {
          "jQuery": 1,
          "o.opacity&&(this.helper.css(": 1,
          "horizontal": 1,
          ").appendTo(a))": 1
        }
      },
      "Ruby": {
        "files_scanned": 154,
        "packages": {
          "spec_helper": 19,
          "rubygems": 12,
          "test/unit": 10,
          "latin": 9,
          "mock": 9,
          "bundler/setup": 8,
          "forwardable": 6,
          "activerecord": 6,
          "kramdown": 6,
          "mysql2": 6,
          "redcarpet": 6,
          "railties": 6,
          "activerecord-jdbcpostgresql-adapter": 6,
          "sqlite3": 6,
          "activerecord-jdbcmysql-adapter": 6,
          "pg": 6,
          "Enumerable": 5,
          "stringio": 5,
          "AASM": 4,
          "test_helper": 4,
          "ffaker": 4,
          "fileutils": 4,
          "cyrillic": 4,
          "FastRI": 4,
          "FriendlyId::Test::SequelAdapter::Core": 4,
          "aasm/persistence/orm": 3,
          "ambry": 3,
          "yaml": 3,
          "rails/generators": 3,
          "Arel::Predications": 3,
          "Arel::OrderPredications": 3,
          "rdoc/ri/paths": 3,
          "fastri/full_text_indexer": 3,
          "active_record": 3,
          "Model": 3,
          "friendly_id": 3,
          "bundler": 3,
          "FriendlyId::Test::Generic": 3,
          "FriendlyId::Test::SequelAdapter::Slugged": 3,
          "logger": 2,
          "AASM::DslHelper": 2,
          "active_support": 2,
          "benchmark": 2,
          "InstanceMethods": 2,
          "ambry/adapters/yaml": 2,
          "ambry/active_model": 2,
          "minitest/spec": 2,
          "simplecov": 2,
          "Arel::Math": 2,
          "Arel::Expressions": 2,
          "Arel::AliasPredication": 2,
          "babosa": 2,
          "uri": 2,
          "capybara/cuprite": 2,
          "rspec": 2,
          "deface": 2,
          "action_view": 2,
          "deface/dsl/loader": 2,
          "action_controller": 2,
          "deface/dsl/context": 2,
          "deface/haml_converter": 2,
          "deface/action_view_extensions": 2,
          "mocha": 2,
          "unicode": 2,
          "strscan": 2,
          "enumerator": 2,
          "fastri/util": 2,
          "fastri/version": 2,
          "fastri/name_descriptor": 2,
          "rbconfig": 2,
          "fastri/full_text_index": 2,
          "fastri/ri_index": 2,
          "fatalistic": 2,
          "minitest/autorun": 2,
          "FriendlyId": 2,
          "::FriendlyId::FinderMethods": 2,
          "i18n": 2,
          "rails/generators/active_record": 2,
          "rails/all": 2,
          "sequel": 2,
          "FriendlyId::Test::Slugged": 2,
          "aasm/instance_base": 1,
          "aasm/aasm": 1,
          "aasm/core/invokers/proc_invoker": 1,
          "aasm/version": 1,
          "aasm/persistence": 1,
          "aasm/configuration": 1,
          "aasm/base": 1,
          "aasm/core/transition": 1,
          "aasm/persistence/base": 1,
          "aasm/state_machine": 1,
          "aasm/core/event": 1,
          "aasm/core/invokers/base_invoker": 1,
          "aasm/core/invokers/literal_invoker": 1,
          "aasm/dsl_helper": 1,
          "aasm/core/invoker": 1,
          "aasm/localizer": 1,
          "aasm/core/state": 1,
          "aasm/persistence/plain_persistence": 1,
          "aasm/core/invokers/class_invoker": 1,
          "aasm/state_machine_store": 1,
          "aasm/errors": 1,
          "human_name": 1,
          "aasm/minitest/": 1,
          "aasm/minitest": 1,
          "persistence": 1,
          "after_commit_everywhere": 1,
          "Mongoid::Document": 1,
          "NoBrainer::Document": 1,
          "active_record_random": 1,
          "hook": 1,
          "active_support/test_case": 1,
          "ambry/model": 1,
          "ambry/abstract_key_set": 1,
          "thread": 1,
          "ambry/adapter": 1,
          "ambry/mapper": 1,
          "ambry/hash_proxy": 1,
          "ambry/adapters/file": 1,
          "all": 1,
          "|": 1,
          "::ActiveModel::Serializers::JSON": 1,
          "::ActiveModel::Validations": 1,
          "active_model": 1,
          "id_field": 1,
          "Comparable": 1,
          "rails/generators/actions": 1,
          "ActiveModuleSupportSpecHelper": 1,
          "ActiveModel::Lint::Tests": 1,
          "arel/table": 1,
          "arel/relation": 1,
          "arel/select_manager": 1,
          "arel/predications": 1,
          "arel/alias_predication": 1,