{
  "areas": {
    "OSS": {
      "score": 0.7070707070707072,
      "details": {
        "issue_resolution_rate": 0.8333333333333334,
        "pr_merge_rate": 0.7272727272727273,
        "commits_activity": 1.0
      }
    },
    "Status": {
      "score": 0.47435897435897445,
      "details": {
        "lines_activity": 1.0,
        "commits_activity": 1.0,
        "week_streak": 0.21153846153846154
      }
    },
    "Sentiment": {
      "score": 0.6666666666666666,
      "details": {
        "pystardust/ani-cli": 0.15963205128205127,
        "pystardust/quotes": -0.08333333333333333,
        "pystardust/sbar": -0.33636666666666665,
        "pystardust/shup": 0.9022,
        "pystardust/waldl": 0.29163529411764705,
        "pystardust/ytfzf": 0.05996216216216216
      }
    }
  },
  "weights": {
    "OSS": 0.3333333333333333,
    "Status": 0.3333333333333333,
    "Sentiment": 0.3333333333333333
  },
  "final_score": 0.616032116032116
}