{
  "areas": {
    "OSS": {
      "score": 0.6048387096774193,
      "details": {
        "issue_resolution_rate": 0.375,
        "pr_merge_rate": 1.032258064516129,
        "commits_activity": 1.0
      }
    },
    "Status": {
      "score": 0.44097964287952873,
      "details": {
        "lines_activity": 1.0,
        "commits_activity": 0.9883925412423699,
        "week_streak": 0.17307692307692307
      }
    },
    "Sentiment": {
      "score": 0.0,
      "details": {
        "Rendevior/ebtrfio-template": 0.0,
        "Rendevior/eivom-cli": 0.0,
        "Rendevior/ffmprog": 0.0,
        "Rendevior/hayanime": 0.0,
        "Rendevior/hlsdl-cli": 0.0,
        "Rendevior/manga-cli": 0.0,
        "Rendevior/mpv-android-argparse": 0.0,
        "Rendevior/zippy-cli": 0.0
      }
    }
  },
  "weights": {
    "OSS": 0.3333333333333333,
    "Status": 0.3333333333333333,
    "Sentiment": 0.3333333333333333
  },
  "final_score": 0.34860611751898263
}