{
  "areas": {
    "OSS": {
      "score": 0.7929824561403509,
      "details": {
        "issue_resolution_rate": 0.7894736842105263,
        "pr_merge_rate": 0.9,
        "commits_activity": 1.0
      }
    },
    "Status": {
      "score": 0.5769230769230769,
      "details": {
        "lines_activity": 1.0,
        "commits_activity": 1.0,
        "week_streak": 0.36538461538461536
      }
    },
    "Sentiment": {
      "score": 1.0,
      "details": {
        "Gictorbit/illustratorCClinux": 0.17629999999999998,
        "Gictorbit/photoshopCClinux": 0.1527315789473684,
        "Gictorbit/radarvan": 0.2202,
        "Gictorbit/victorconky": 0.052090000000000004
      }
    }
  },
  "weights": {
    "OSS": 0.3333333333333333,
    "Status": 0.3333333333333333,
    "Sentiment": 0.3333333333333333
  },
  "final_score": 0.7899685110211425
}