{
  "username": "technoweenie",
  "areas": {
    "OSS": {
      "score": 1.0,
      "details": {
        "issue_resolution_rate": 0.5769230769230769,
        "pr_merge_rate": 11.957446808510639,
        "commits_activity": 1.0
      }
    },
    "Status": {
      "score": 0.33333333333333326,
      "details": {
        "lines_activity": 1.0,
        "commits_activity": 1.0,
        "week_streak": 0.0
      }
    },
    "Sentiment": {
      "score": 0.7317073170731707,
      "details": {
        "technoweenie/activesupport_notifications_backport": 0.6578,
        "technoweenie/acts_as_versioned": 0.13947428571428575,
        "technoweenie/astrotrain": -0.07833333333333332,
        "technoweenie/attachment_fu": 0.06548095238095239,
        "technoweenie/can_search": -0.3818,
        "technoweenie/chat_gram": 0.04496666666666668,
        "technoweenie/coffee-resque": 0.16482954545454545,
        "technoweenie/cronwtf": -0.0667,
        "technoweenie/faraday": -0.13079999999999997,
        "technoweenie/faraday-live": -0.168475,
        "technoweenie/git-merge-conflict": -0.12673333333333334,
        "technoweenie/go-contentaddressable": -0.5848,
        "technoweenie/grohl": 0.2399,
        "technoweenie/guillotine": 0.167268,
        "technoweenie/horcrux": 0.22319999999999998,
        "technoweenie/httpretry": 0.18230000000000002,
        "technoweenie/http_token_authentication": 0.25286666666666663,
        "technoweenie/jquery.doubletap": 0.4954666666666667,
        "technoweenie/madrox": 0.10094210526315792,
        "technoweenie/mail": 0.5250142857142858,
        "technoweenie/masochism": -0.02238333333333334,
        "technoweenie/mephisto": 0.21272222222222223,
        "technoweenie/model_iterator": 0.19918,
        "technoweenie/node-chain-gang": 0.16902121212121213,
        "technoweenie/node-scoped-http-client": 0.19681714285714283,
        "technoweenie/nubnub": 0.04613333333333334,
        "technoweenie/parkplace": 0.483,
        "technoweenie/pdxjs-twitter-node": 0.050816666666666656,
        "technoweenie/permalink_fu": -0.38212,
        "technoweenie/queue_kit": -0.0023099999999999983,
        "technoweenie/relative_time_helpers": 0.2732,
        "technoweenie/restful-authentication": 0.10618333333333332,
        "technoweenie/running_man": 0.010628571428571432,
        "technoweenie/schemagram": -0.30085,
        "technoweenie/seinfeld": 0.30893023255813956,
        "technoweenie/sentry": 0.17025555555555555,
        "technoweenie/serialized_attributes": 0.21516666666666664,
        "technoweenie/twitter-node": 0.08520937499999999,
        "technoweenie/ultraviolence": 0.10550000000000002,
        "technoweenie/viking": 0.61324,
        "technoweenie/wikicloth": 0.00645
      }
    },
    "Commitment": {
      "score": 0.8,
      "details": {
        "criteria_met": {
          "has_12_month_streak": true,
          "has_6_month_streak": true,
          "has_write_to_non_owned_repo": false,
          "has_repo_at_50th_percentile_commits": true,
          "at_75th_percentile_followers": true
        },
        "total_points": 4,
        "max_points": 5,
        "percentage": 80.0
      }
    }
  },
  "weights": {
    "OSS": 0.25,
    "Status": 0.25,
    "Sentiment": 0.25,
    "Commitment": 0.25
  },
  "final_score": 0.7162601626016261,
  "language_usage": {
    "error": "HTTPSConnectionPool(host='api.github.com', port=443): Max retries exceeded with url: /repos/technoweenie/resque/stats/contributors (Caused by SSLError(SSLEOFError(8, '[SSL: UNEXPECTED_EOF_WHILE_READING] EOF occurred in violation of protocol (_ssl.c:1077)')))",
    "languages": {},
    "language_count": 0,
    "total_commits": 0,
    "total_lines": 0
  },
  "import_scan": {
    "error": null,
    "username": "technoweenie",
    "analysis_date": "2026-02-18T18:54:48.998677",
    "total_repos_analyzed": 20,
    "total_files_analyzed": 165,
    "languages": {
      "Go": {
        "files_scanned": 24,
        "packages": {
          "testing": 11,
          "type": 10,
          "github.com/stretchr/testify/assert": 8,
          "github.com/technoweenie/apub": 7,
          "golang.org/x/xerrors": 7,
          "name": 7,
          "cc": 6,
          "@context": 6,
          "to": 6,
          "strings": 6,
          "fmt": 6,
          "id": 6,
          "url": 5,
          "github.com/ngmoco/falcore": 5,
          "published": 4,
          "time": 4,
          "icon": 4,
          "image": 4,
          "github.com/stretchr/testify/require": 4,
          "tag": 4,
          "attributedTo": 4,
          "net/http": 4,
          "https://www.w3.org/ns/activitystreams#Public": 3,
          "content": 3,
          "en": 3,
          "mediaType": 3,
          "inReplyTo": 3,
          "attachment": 3,
          "href": 3,
          "audience": 2,
          "bto": 2,
          "bcc": 2,
          "Mention": 2,
          "strconv": 2,
          "io": 2,
          "contentMap": 2,
          "preferredUsername": 2,
          "Hashtag": 2,
          "inbox": 2,
          "summary": 2,
          "@type": 2,
          "publicKey": 2,
          "outbox": 2,
          "sensitive": 2,
          "following": 2,
          "publicKeyPem": 2,
          "https://w3id.org/security/v1": 2,
          "followers": 2,
          "owner": 2,
          "https://www.w3.org/ns/activitystreams": 2,
          "manuallyApprovesFollowers": 2,
          "actor": 2,
          "errors": 1,
          "Link": 1,
          "math": 1,
          "Image": 1,
          "Object": 1,
          "inner": 1,
          "c": 1,
          "b": 1,
          "d": 1,
          "a": 1,
          "http://joe.example.org": 1,
          "http://jane.example.org": 1,
          "encoding/json": 1,
          "es": 1,
          "zh-Hans": 1,
          "summaryMap": 1,
          "nameMap": 1,
          "object1": 1,
          "test": 1,
          "badobject": 1,
          "value": 1,
          "atomUri": 1,
          "endpoints": 1,
          "replies": 1,
          "partOf": 1,
          "blurhash": 1,
          "IdentityProof": 1,
          "schema": 1,
          "movedTo": 1,
          "sharedInbox": 1,
          "https://mastodon.gamedev.place/users/bob/followers": 1,
          "PropertyValue": 1,
          "@id": 1,
          "first": 1,
          "conversation": 1,
          "Emoji": 1,
          "inReplyToAtomUri": 1,
          "toot": 1,
          "alsoKnownAs": 1,
          "ostatus": 1,
          "totalItems": 1,
          "featured": 1,
          "focalPoint": 1,
          "orderedItems": 1,
          "items": 1,
          "@container": 1,
          "https://fedi.pictures/users/bob/followers": 1,
          "announce": 1,
          "reply": 1,
          "commentsEnabled": 1,
          "sc": 1,
          "capabilities": 1,
          "like": 1,
          "time2": 1,
          "t": 1,
          "f": 1,
          "invalidbool": 1,
          "t1s": 1,
          "num": 1,
          "t1": 1,
          "rounddown": 1,
          "false": 1,
          "time1": 1,
          "true": 1,
          "roundup": 1,
          "strnum": 1,
          "f0": 1,
          "http://example.com/@jane": 1,
          "f0s": 1,
          "OrderedCollection": 1,
          "Collection": 1,
          "Person": 1,
          "Organization": 1,
          "Application": 1,
          "Service": 1,
          "Group": 1,
          "object": 1,
          "target": 1,
          "reflect": 1,
          "github.com/kr/pretty": 1,
          "runtime": 1,
          "github.com/technoweenie/assert": 1,
          "crypto/sha1": 1,
          "encoding/hex": 1,
          "crypto/hmac": 1,
          "flag": 1
        }
      },
      "Ruby": {
        "files_scanned": 88,
        "packages": {
          "rubygems": 8,
          "thread": 8,
          "formula": 8,
          "test/unit": 7,
          "Celluloid": 6,
          "test_helper": 5,
          "BaseAttachmentTests": 5,
          "active_support": 4,
          "active_record/fixtures": 3,
          "active_record": 3,