{
  "username": "weppos",
  "areas": {
    "OSS": {
      "score": 1.0,
      "details": {
        "issue_resolution_rate": 0.5882352941176471,
        "pr_merge_rate": 19.36842105263158,
        "commits_activity": 1.0
      }
    },
    "Status": {
      "score": 0.641025641025641,
      "details": {
        "lines_activity": 1.0,
        "commits_activity": 1.0,
        "week_streak": 0.46153846153846156
      }
    },
    "Sentiment": {
      "score": 1.0,
      "details": {
        "weppos/actionmailer_with_request": 0.15915666666666667,
        "weppos/activerecord-multiconditions": 0.8747,
        "weppos/apachelogregex": 0.8553,
        "weppos/breadcrumbs_on_rails": 0.19745319148936172,
        "weppos/brighella": 0.010583333333333333,
        "weppos/digcaa": 0.2977388888888889,
        "weppos/digweb": 0.4404,
        "weppos/letsencrypt-dnsimple": 0.3203,
        "weppos/obsidian-mermaid-view": 0.08404545454545455,
        "weppos/publicsuffix-go": 0.3748578125,
        "weppos/publicsuffix-ruby": 0.2710907692307692,
        "weppos/rubyist": 0.32261538461538464,
        "weppos/tabs_on_rails": 0.139934375,
        "weppos/whois": 0.16550185185185187,
        "weppos/whois-parser": 0.2249310344827586,
        "weppos/whois.js": 0.5614166666666667,
        "weppos/wordpress-mtimporter": 0.1548,
        "weppos/www-delicious": 0.2280125
      }
    },
    "Commitment": {
      "score": 0.8,
      "details": {
        "criteria_met": {
          "has_12_month_streak": true,
          "has_6_month_streak": true,
          "has_write_to_non_owned_repo": false,
          "has_repo_at_50th_percentile_commits": true,
          "at_75th_percentile_followers": true
        },
        "total_points": 4,
        "max_points": 5,
        "percentage": 80.0
      }
    }
  },
  "weights": {
    "OSS": 0.25,
    "Status": 0.25,
    "Sentiment": 0.25,
    "Commitment": 0.25
  },
  "final_score": 0.8602564102564103,
  "language_usage": {
    "error": null,
    "languages": {
      "Ruby": [
        1723551,
        4501
      ],
      "Shell": [
        2162,
        17
      ],
      "PHP": [
        9037,
        29
      ],
      "Go": [
        211322,
        837
      ],
      "Python": [
        2919,
        70
      ],
      "Makefile": [
        1940,
        11
      ],
      "HTML": [
        824434,
        305
      ],
      "Procfile": [
        762,
        0
      ],
      "SCSS": [
        17944,
        100
      ],
      "JavaScript": [
        8818,
        64
      ],
      "Vue": [
        2117,
        11
      ],
      "Smarty": [
        0,
        0
      ],
      "CoffeeScript": [
        220,
        8
      ],
      "Dockerfile": [
        3,
        0
      ],
      "Roff": [
        0,
        0
      ],
      "C": [
        16719,
        25
      ],
      "M4": [
        0,
        0
      ],
      "TypeScript": [
        9600,
        45
      ],
      "CSS": [
        1069,
        5
      ],
      "Swift": [
        40048,
        98
      ],
      "C++": [
        0,
        0
      ],
      "Perl": [
        765,
        1
      ],
      "Groff": [
        2825,
        4
      ]
    },
    "language_count": 23,
    "total_commits": 6131,
    "total_lines": 2876255,
    "top_5_languages": [
      {
        "language": "Ruby",
        "lines": 1723551,
        "commits": 4501
      },
      {
        "language": "Go",
        "lines": 211322,
        "commits": 837
      },
      {
        "language": "HTML",
        "lines": 824434,
        "commits": 305
      },
      {
        "language": "SCSS",
        "lines": 17944,
        "commits": 100
      },
      {
        "language": "Swift",
        "lines": 40048,
        "commits": 98
      }
    ]
  },
  "import_scan": {
    "error": "list index out of range",
    "username": "weppos",
    "analysis_date": null,
    "total_repos_analyzed": 0,
    "total_files_analyzed": 0,
    "languages": {},
    "repositories": []
  }
}