{
  "areas": {
    "OSS": {
      "score": -1.0,
      "details": {
        "issue_resolution_rate": 0.0,
        "pr_merge_rate": 0.0,
        "commits_activity": 0.0
      }
    },
    "Status": {
      "score": -0.8140557837304703,
      "details": {
        "lines_activity": 0.12898456917013412,
        "commits_activity": 0.13070098600339122,
        "week_streak": 0.019230769230769232
      }
    },
    "Sentiment": {
      "score": 0.0,
      "details": {
        "9e4ed328ce2e8702c291c14f2471861a-255418/ani-cli": 0.0
      }
    }
  },
  "weights": {
    "OSS": 0.3333333333333333,
    "Status": 0.3333333333333333,
    "Sentiment": 0.3333333333333333
  },
  "final_score": -0.6046852612434901
}