{
  "areas": {
    "OSS": {
      "score": 0.0,
      "details": {
        "issue_resolution_rate": 0.0,
        "pr_merge_rate": 0.0,
        "commits_activity": 0.0
      }
    },
    "Status": {
      "score": -0.1696632749525574,
      "details": {
        "lines_activity": 0.834171360330221,
        "commits_activity": 0.39210295801017364,
        "week_streak": 0.019230769230769232
      }
    },
    "Sentiment": {
      "score": 0.0,
      "details": {}
    }
  },
  "weights": {
    "OSS": 0.3333333333333333,
    "Status": 0.3333333333333333,
    "Sentiment": 0.3333333333333333
  },
  "final_score": -0.056554424984185794
}