{
  "areas": {
    "OSS": {
      "score": 0.6386554621848739,
      "details": {
        "issue_resolution_rate": 0.42857142857142855,
        "pr_merge_rate": 1.0294117647058822,
        "commits_activity": 1.0
      }
    },
    "Status": {
      "score": 0.46153846153846145,
      "details": {
        "lines_activity": 1.0,
        "commits_activity": 1.0,
        "week_streak": 0.19230769230769232
      }
    },
    "Sentiment": {
      "score": 0.0,
      "details": {
        "mo1ein/2048": 0.0,
        "mo1ein/30-seconds-of-code": 0.0,
        "mo1ein/AIC-2021": 0.0,
        "mo1ein/AIC21-Doc": 0.0,
        "mo1ein/araste": 0.0,
        "mo1ein/binance-futures-trading-bot": 0.0,
        "mo1ein/Bitex": 0.0,
        "mo1ein/C-Algorithms": 0.0,
        "mo1ein/cloudzy": 0.0,
        "mo1ein/Codeforces-status": 0.0
      }
    }
  },
  "weights": {
    "OSS": 0.3333333333333333,
    "Status": 0.3333333333333333,
    "Sentiment": 0.3333333333333333
  },
  "final_score": 0.3667313079077784
}