{
  "areas": {
    "OSS": {
      "score": -0.5567090602619775,
      "details": {
        "issue_resolution_rate": 0.0,
        "pr_merge_rate": 0.0,
        "commits_activity": 0.6649364096070336
      }
    },
    "Status": {
      "score": 0.14841914486622754,
      "details": {
        "lines_activity": 1.0,
        "commits_activity": 0.6649364096070336,
        "week_streak": 0.057692307692307696
      }
    },
    "Sentiment": {
      "score": 0.0,
      "details": {
        "nasseef20/ani-cli": 0.0,
        "nasseef20/esp32-bluetooth-loadcell": 0.0,
        "nasseef20/Main": 0.0,
        "nasseef20/recycle_bin": 0.0,
        "nasseef20/vending_machine": 0.0,
        "nasseef20/vending_machine_2": 0.0
      }
    }
  },
  "weights": {
    "OSS": 0.3333333333333333,
    "Status": 0.3333333333333333,
    "Sentiment": 0.3333333333333333
  },
  "final_score": -0.13609663846525
}