{
  "areas": {
    "OSS": {
      "score": -0.24778264774587677,
      "details": {
        "issue_resolution_rate": 0.5,
        "pr_merge_rate": 0.0,
        "commits_activity": 0.6283260283811848
      }
    },
    "Status": {
      "score": 0.12401222404899492,
      "details": {
        "lines_activity": 1.0,
        "commits_activity": 0.6283260283811848,
        "week_streak": 0.057692307692307696
      }
    },
    "Sentiment": {
      "score": 0.0,
      "details": {
        "werdahias/ani-cli": 0.0,
        "werdahias/autoexec.bat": 0.0,
        "werdahias/blanket": 0.0,
        "werdahias/cue-music-command": 0.0,
        "werdahias/freeelectronicssamples": 0.0,
        "werdahias/gping": 0.0,
        "werdahias/gtk4-layer-shell": 0.0,
        "werdahias/gtklock": 0.0,
        "werdahias/iptsd": 0.0,
        "werdahias/linux-surface": 0.0
      }
    }
  },
  "weights": {
    "OSS": 0.3333333333333333,
    "Status": 0.3333333333333333,
    "Sentiment": 0.3333333333333333
  },
  "final_score": -0.04125680789896062
}